{"multiplet_0": {"intercept": -3680.7102517289795, "intercept_ci": [-3722.2143204227914, -3639.2061830351677], "gradient": 3.9014297979000547e-10, "gradient_ci": [3.867801060760915e-10, 3.9350585350391943e-10], "rsquared": 0.9996586170353898, "rsquared_adj": 0.9996415478871593}, "multiplet_1": {"intercept": -2402.683486447476, "intercept_ci": [-2426.9684740372327, -2378.398498857719], "gradient": 1.2061262601485953e-09, "gradient_ci": [1.1980284704015807e-09, 1.2142240498956098e-09], "rsquared": 0.9997928551772818, "rsquared_adj": 0.9997824979361458}, "multiplet_2": {"intercept": -7410.708803572086, "intercept_ci": [-7562.233298478735, -7259.184308665437], "gradient": 5.64903125724701e-10, "gradient_ci": [5.547692596794905e-10, 5.750369917699116e-10], "rsquared": 0.9985230117215346, "rsquared_adj": 0.9984491623076113}, "multiplet_3": {"intercept": -4540.797589702208, "intercept_ci": [-4614.075269256395, -4467.519910148021], "gradient": 1.1603503843724189e-09, "gradient_ci": [1.145277315424151e-09, 1.1754234533206867e-09], "rsquared": 0.9992249941742801, "rsquared_adj": 0.9991862438829942}}